TALLY={"待人工":1,"符合":59,"不符":18,"非导航":30}
BAD_COUNT=18
BAD_PAGES=3
---TSV---
file	line	path	pos	intent	correct	verdict	basis
---HITS---	NaN	undefined	叶子	未分类	???	待人工	
content\v1.3.0\zh\api\campaign-ext\AddPeerComponent.md	11	../../mission-ext/GameNetworkMessage	叶子	跨桶	'../../mission-ext/GameNetworkMessage'	符合	L4b：叶子页跨桶 ../../<目标桶>/<类>
content\v1.3.0\zh\api\campaign-ext\ArmyCohesionStep2Tutorial.md	11	../TutorialItemBase	叶子	同桶兄弟	'../TutorialItemBase'	符合	L1b：叶子页同桶兄弟 ../<类名>
content\v1.3.0\zh\api\campaign-ext\CharacterCreationBannerEditorView.md	11	../CharacterCreationStageViewBase	叶子	同桶兄弟	'../CharacterCreationStageViewBase'	符合	L1b：叶子页同桶兄弟 ../<类名>
content\v1.3.0\zh\api\campaign-ext\PrefabTooltipExtension.md	11	../../gui/PrefabExtension	叶子	跨桶	'../../gui/PrefabExtension'	符合	L4b：叶子页跨桶 ../../<目标桶>/<类>
content\v1.3.15\zh\api\campaign-ext\FactionManager.md	26	../DeclareWarAction	叶子	同桶兄弟	'../DeclareWarAction'	符合	L1b：叶子页同桶兄弟 ../<类名>
content\v1.3.15\zh\api\campaign-ext\FactionManager.md	26	../MakePeaceAction	叶子	同桶兄弟	'../MakePeaceAction'	符合	L1b：叶子页同桶兄弟 ../<类名>
content\v1.3.15\zh\api\campaign-ext\FactionManager.md	65	../../campaign/StanceType	叶子	跨桶	'../../campaign/StanceType'	符合	L4b：叶子页跨桶 ../../<目标桶>/<类>
content\v1.3.15\zh\api\campaign-ext\FactionManager.md	90	../DeclareWarAction	叶子	同桶兄弟	'../DeclareWarAction'	符合	L1b：叶子页同桶兄弟 ../<类名>
content\v1.3.15\zh\api\campaign-ext\FactionManager.md	92	../MakePeaceAction	叶子	同桶兄弟	'../MakePeaceAction'	符合	L1b：叶子页同桶兄弟 ../<类名>
content\v1.3.15\zh\api\campaign-ext\ItemRoster.md	59	./GiveItemAction/	叶子	同桶兄弟	'../GiveItemAction/'	不符	§4.1.0 推导式 + L1b：叶子页指向同目录叶子须 ../X；写 ./X 解析到 /<桶>/<本页类名>/X/ 多一层（静默 404）
content\v1.3.15\zh\api\campaign-ext\ItemRoster.md	59	./SellItemsAction/	叶子	同桶兄弟	'../SellItemsAction/'	不符	§4.1.0 推导式 + L1b：叶子页指向同目录叶子须 ../X；写 ./X 解析到 /<桶>/<本页类名>/X/ 多一层（静默 404）
content\v1.3.15\zh\api\campaign-ext\ItemRoster.md	119	./DefaultItems/	叶子	同桶兄弟	'../DefaultItems/'	不符	§4.1.0 推导式 + L1b：叶子页指向同目录叶子须 ../X；写 ./X 解析到 /<桶>/<本页类名>/X/ 多一层（静默 404）
content\v1.3.15\zh\api\campaign-ext\ItemRoster.md	131	./PartySizeLimitModel/	叶子	同桶兄弟	'../PartySizeLimitModel/'	不符	§4.1.0 推导式 + L1b：叶子页指向同目录叶子须 ../X；写 ./X 解析到 /<桶>/<本页类名>/X/ 多一层（静默 404）
content\v1.3.15\zh\api\campaign-ext\ItemRoster.md	131	./PartyWageModel/	叶子	同桶兄弟	'../PartyWageModel/'	不符	§4.1.0 推导式 + L1b：叶子页指向同目录叶子须 ../X；写 ./X 解析到 /<桶>/<本页类名>/X/ 多一层（静默 404）
content\v1.3.15\zh\api\campaign-ext\ItemRoster.md	134	./CampaignEvents/	叶子	同桶兄弟	'../CampaignEvents/'	不符	§4.1.0 推导式 + L1b：叶子页指向同目录叶子须 ../X；写 ./X 解析到 /<桶>/<本页类名>/X/ 多一层（静默 404）
content\v1.3.15\zh\api\campaign-ext\KingdomManager.md	30	../ChangeKingdomAction	叶子	同桶兄弟	'../ChangeKingdomAction'	符合	L1b：叶子页同桶兄弟 ../<类名>
content\v1.3.15\zh\api\campaign-ext\KingdomManager.md	31	../DestroyKingdomAction	叶子	同桶兄弟	'../DestroyKingdomAction'	符合	L1b：叶子页同桶兄弟 ../<类名>
content\v1.3.15\zh\api\campaign-ext\KingdomManager.md	32	../DeclareWarAction	叶子	同桶兄弟	'../DeclareWarAction'	符合	L1b：叶子页同桶兄弟 ../<类名>
content\v1.3.15\zh\api\campaign-ext\KingdomManager.md	33	../ChangeRulingClanAction	叶子	同桶兄弟	'../ChangeRulingClanAction'	符合	L1b：叶子页同桶兄弟 ../<类名>
content\v1.3.15\zh\api\campaign-ext\KingdomManager.md	34	../../campaign/Kingdom	叶子	跨桶	'../../campaign/Kingdom'	符合	L4b：叶子页跨桶 ../../<目标桶>/<类>
content\v1.3.15\zh\api\campaign-ext\KingdomManager.md	39	../../campaign/Campaign	叶子	跨桶	'../../campaign/Campaign'	符合	L4b：叶子页跨桶 ../../<目标桶>/<类>
content\v1.3.15\zh\api\campaign-ext\KingdomManager.md	42	../ChangeKingdomAction	叶子	同桶兄弟	'../ChangeKingdomAction'	符合	L1b：叶子页同桶兄弟 ../<类名>
content\v1.3.15\zh\api\campaign-ext\KingdomManager.md	43	../DestroyKingdomAction	叶子	同桶兄弟	'../DestroyKingdomAction'	符合	L1b：叶子页同桶兄弟 ../<类名>
content\v1.3.15\zh\api\campaign-ext\KingdomManager.md	44	../DeclareWarAction	叶子	同桶兄弟	'../DeclareWarAction'	符合	L1b：叶子页同桶兄弟 ../<类名>
content\v1.3.15\zh\api\campaign-ext\KingdomManager.md	45	../ChangeRulingClanAction	叶子	同桶兄弟	'../ChangeRulingClanAction'	符合	L1b：叶子页同桶兄弟 ../<类名>
content\v1.3.15\zh\api\campaign-ext\KingdomManager.md	48	../FactionManager	叶子	同桶兄弟	'../FactionManager'	符合	L1b：叶子页同桶兄弟 ../<类名>
content\v1.3.15\zh\api\campaign-ext\KingdomManager.md	49	../../campaign/Kingdom	叶子	跨桶	'../../campaign/Kingdom'	符合	L4b：叶子页跨桶 ../../<目标桶>/<类>
content\v1.3.15\zh\api\campaign-ext\KingdomManager.md	49	../../campaign/Clan	叶子	跨桶	'../../campaign/Clan'	符合	L4b：叶子页跨桶 ../../<目标桶>/<类>
content\v1.3.15\zh\api\campaign-ext\KingdomManager.md	49	../../campaign/Hero	叶子	跨桶	'../../campaign/Hero'	符合	L4b：叶子页跨桶 ../../<目标桶>/<类>
content\v1.4.5\en\api\campaign\EventHandlerRec.md	82	../../../zh/api/campaign/EventHandlerRec	叶子	跨语言	'../../../zh/api/campaign/EventHandlerRec'	符合	L7：叶子页跨语言 ../../../<lang>/api/<桶>/<类>
content\v1.4.5\en\api\campaign\MBCampaignEvent.md	120	../../../zh/api/campaign/MBCampaignEvent	叶子	跨语言	'../../../zh/api/campaign/MBCampaignEvent'	符合	L7：叶子页跨语言 ../../../<lang>/api/<桶>/<类>
content\v1.4.5\en\api\campaign\MbEvent.md	107	../../../zh/api/campaign/MbEvent	叶子	跨语言	'../../../zh/api/campaign/MbEvent'	符合	L7：叶子页跨语言 ../../../<lang>/api/<桶>/<类>
content\v1.4.5\en\api\campaign\ReferenceIMBEvent.md	84	../../../zh/api/campaign/ReferenceIMBEvent	叶子	跨语言	'../../../zh/api/campaign/ReferenceIMBEvent'	符合	L7：叶子页跨语言 ../../../<lang>/api/<桶>/<类>
content\v1.4.5\en\api\campaign\ReferenceMBEvent.md	106	../../../zh/api/campaign/ReferenceMBEvent	叶子	跨语言	'../../../zh/api/campaign/ReferenceMBEvent'	符合	L7：叶子页跨语言 ../../../<lang>/api/<桶>/<类>
content\v1.4.5\en\api\campaign-ext\ItemRoster.md	59	./GiveItemAction/	叶子	同桶兄弟	'../GiveItemAction/'	不符	§4.1.0 推导式 + L1b：叶子页指向同目录叶子须 ../X；写 ./X 解析到 /<桶>/<本页类名>/X/ 多一层（静默 404）
content\v1.4.5\en\api\campaign-ext\ItemRoster.md	59	./SellItemsAction/	叶子	同桶兄弟	'../SellItemsAction/'	不符	§4.1.0 推导式 + L1b：叶子页指向同目录叶子须 ../X；写 ./X 解析到 /<桶>/<本页类名>/X/ 多一层（静默 404）
content\v1.4.5\en\api\campaign-ext\ItemRoster.md	119	./DefaultItems/	叶子	同桶兄弟	'../DefaultItems/'	不符	§4.1.0 推导式 + L1b：叶子页指向同目录叶子须 ../X；写 ./X 解析到 /<桶>/<本页类名>/X/ 多一层（静默 404）
content\v1.4.5\en\api\campaign-ext\ItemRoster.md	198	./PartySizeLimitModel/	叶子	同桶兄弟	'../PartySizeLimitModel/'	不符	§4.1.0 推导式 + L1b：叶子页指向同目录叶子须 ../X；写 ./X 解析到 /<桶>/<本页类名>/X/ 多一层（静默 404）
content\v1.4.5\en\api\campaign-ext\ItemRoster.md	198	./PartyWageModel/	叶子	同桶兄弟	'../PartyWageModel/'	不符	§4.1.0 推导式 + L1b：叶子页指向同目录叶子须 ../X；写 ./X 解析到 /<桶>/<本页类名>/X/ 多一层（静默 404）
content\v1.4.5\en\api\campaign-ext\ItemRoster.md	201	./CampaignEvents/	叶子	同桶兄弟	'../CampaignEvents/'	不符	§4.1.0 推导式 + L1b：叶子页指向同目录叶子须 ../X；写 ./X 解析到 /<桶>/<本页类名>/X/ 多一层（静默 404）
content\v1.4.5\en\api\core-extra\AgentData.md	123	../../campaign/	叶子	跨桶	'../../campaign/'	符合	L4b：叶子页跨桶 ../../<目标桶>/<类>
content\v1.4.5\en\api\core-extra\AgentOriginUtilities.md	136	../../campaign/	叶子	跨桶	'../../campaign/'	符合	L4b：叶子页跨桶 ../../<目标桶>/<类>
content\v1.4.5\en\api\core-extra\AgentOriginUtilities.md	136	../../mission-ext/	叶子	跨桶	'../../mission-ext/'	符合	L4b：叶子页跨桶 ../../<目标桶>/<类>
content\v1.4.5\en\api\core-extra\AgentOriginUtilities.md	138	../../campaign/CharacterObject.cs:152	叶子	源码引用	（非站点导航）	非导航	指向游戏源码文件，不参与站点路由
content\v1.4.5\en\api\core-extra\AmbientInformation.md	143	../../campaign/MenuHelper.cs:350/385	叶子	源码引用	（非站点导航）	非导航	指向游戏源码文件，不参与站点路由
content\v1.4.5\en\api\core-extra\ApplicationPlatform.md	18	../../	叶子	域值（BasePath 返回值）	（非站点导航）	非导航	描述引擎基准路径返回值，非导航陈述
content\v1.4.5\en\api\core-extra\ApplicationPlatform.md	61	../../	叶子	域值（BasePath 返回值）	（非站点导航）	非导航	描述引擎基准路径返回值，非导航陈述
content\v1.4.5\en\api\core-extra\ApplicationPlatform.md	173	../../	叶子	域值（BasePath 返回值）	（非站点导航）	非导航	描述引擎基准路径返回值，非导航陈述
content\v1.4.5\en\api\core-extra\ApplicationPlatform.md	177	../../campaign/Campaign.cs:1593	叶子	源码引用	（非站点导航）	非导航	指向游戏源码文件，不参与站点路由
content\v1.4.5\en\api\core-extra\ApplicationVersion.md	164	../../campaign/Clan.cs:749-820	叶子	源码引用	（非站点导航）	非导航	指向游戏源码文件，不参与站点路由
content\v1.4.5\en\api\core-extra\ApplicationVersion.md	164	../../campaign/Campaign.cs:612-629	叶子	源码引用	（非站点导航）	非导航	指向游戏源码文件，不参与站点路由
content\v1.4.5\en\api\core-extra\ApplicationVersion.md	164	../../campaign/CampaignPeriodicEventManager.cs:199	叶子	源码引用	（非站点导航）	非导航	指向游戏源码文件，不参与站点路由
content\v1.4.5\en\api\core-extra\ApplicationVersion.md	164	../../campaign/CharacterRelationManager.cs:153	叶子	源码引用	（非站点导航）	非导航	指向游戏源码文件，不参与站点路由
content\v1.4.5\en\api\core-extra\ApplicationVersionType.md	154	../../campaign/Clan.cs:801/812/816/820	叶子	源码引用	（非站点导航）	非导航	指向游戏源码文件，不参与站点路由
content\v1.4.5\en\api\core-extra\ApplicationVersionType.md	154	../../campaign/Campaign.cs:612-629	叶子	源码引用	（非站点导航）	非导航	指向游戏源码文件，不参与站点路由
content\v1.4.5\en\api\core-extra\ApplicationVersionType.md	154	../../campaign/CampaignPeriodicEventManager.cs:199	叶子	源码引用	（非站点导航）	非导航	指向游戏源码文件，不参与站点路由
content\v1.4.5\en\api\core-extra\ApplicationVersionType.md	154	../../campaign/CharacterRelationManager.cs:153	叶子	源码引用	（非站点导航）	非导航	指向游戏源码文件，不参与站点路由
content\v1.4.5\en\api\core-extra\AtmosphereInfo.md	161	../../campaign/MenuHelper.cs:350/385	叶子	源码引用	（非站点导航）	非导航	指向游戏源码文件，不参与站点路由
content\v1.4.5\en\api\mission-ext\LobbyClient.md	299	../	叶子	深度说明（同桶链接）	'../'	符合	L1b：叶子页同桶兄弟链接深度为 ../，陈述与推导一致
content\v1.4.5\zh\api\campaign\EventHandlerRec.md	82	../../../en/api/campaign/EventHandlerRec	叶子	跨语言	'../../../en/api/campaign/EventHandlerRec'	符合	L7：叶子页跨语言 ../../../<lang>/api/<桶>/<类>
content\v1.4.5\zh\api\campaign\MBCampaignEvent.md	120	../../../en/api/campaign/MBCampaignEvent	叶子	跨语言	'../../../en/api/campaign/MBCampaignEvent'	符合	L7：叶子页跨语言 ../../../<lang>/api/<桶>/<类>
content\v1.4.5\zh\api\campaign\MbEvent.md	107	../../../en/api/campaign/MbEvent	叶子	跨语言	'../../../en/api/campaign/MbEvent'	符合	L7：叶子页跨语言 ../../../<lang>/api/<桶>/<类>
content\v1.4.5\zh\api\campaign\ReferenceIMBEvent.md	84	../../../en/api/campaign/ReferenceIMBEvent	叶子	跨语言	'../../../en/api/campaign/ReferenceIMBEvent'	符合	L7：叶子页跨语言 ../../../<lang>/api/<桶>/<类>
content\v1.4.5\zh\api\campaign\ReferenceMBEvent.md	106	../../../en/api/campaign/ReferenceMBEvent	叶子	跨语言	'../../../en/api/campaign/ReferenceMBEvent'	符合	L7：叶子页跨语言 ../../../<lang>/api/<桶>/<类>
content\v1.4.5\zh\api\campaign-ext\FactionManager.md	26	../DeclareWarAction	叶子	同桶兄弟	'../DeclareWarAction'	符合	L1b：叶子页同桶兄弟 ../<类名>
content\v1.4.5\zh\api\campaign-ext\FactionManager.md	26	../MakePeaceAction	叶子	同桶兄弟	'../MakePeaceAction'	符合	L1b：叶子页同桶兄弟 ../<类名>
content\v1.4.5\zh\api\campaign-ext\FactionManager.md	65	../../campaign/StanceType	叶子	跨桶	'../../campaign/StanceType'	符合	L4b：叶子页跨桶 ../../<目标桶>/<类>
content\v1.4.5\zh\api\campaign-ext\FactionManager.md	90	../DeclareWarAction	叶子	同桶兄弟	'../DeclareWarAction'	符合	L1b：叶子页同桶兄弟 ../<类名>
content\v1.4.5\zh\api\campaign-ext\FactionManager.md	92	../MakePeaceAction	叶子	同桶兄弟	'../MakePeaceAction'	符合	L1b：叶子页同桶兄弟 ../<类名>
content\v1.4.5\zh\api\campaign-ext\ItemRoster.md	59	./GiveItemAction/	叶子	同桶兄弟	'../GiveItemAction/'	不符	§4.1.0 推导式 + L1b：叶子页指向同目录叶子须 ../X；写 ./X 解析到 /<桶>/<本页类名>/X/ 多一层（静默 404）
content\v1.4.5\zh\api\campaign-ext\ItemRoster.md	59	./SellItemsAction/	叶子	同桶兄弟	'../SellItemsAction/'	不符	§4.1.0 推导式 + L1b：叶子页指向同目录叶子须 ../X；写 ./X 解析到 /<桶>/<本页类名>/X/ 多一层（静默 404）
content\v1.4.5\zh\api\campaign-ext\ItemRoster.md	119	./DefaultItems/	叶子	同桶兄弟	'../DefaultItems/'	不符	§4.1.0 推导式 + L1b：叶子页指向同目录叶子须 ../X；写 ./X 解析到 /<桶>/<本页类名>/X/ 多一层（静默 404）
content\v1.4.5\zh\api\campaign-ext\ItemRoster.md	131	./PartySizeLimitModel/	叶子	同桶兄弟	'../PartySizeLimitModel/'	不符	§4.1.0 推导式 + L1b：叶子页指向同目录叶子须 ../X；写 ./X 解析到 /<桶>/<本页类名>/X/ 多一层（静默 404）
content\v1.4.5\zh\api\campaign-ext\ItemRoster.md	131	./PartyWageModel/	叶子	同桶兄弟	'../PartyWageModel/'	不符	§4.1.0 推导式 + L1b：叶子页指向同目录叶子须 ../X；写 ./X 解析到 /<桶>/<本页类名>/X/ 多一层（静默 404）
content\v1.4.5\zh\api\campaign-ext\ItemRoster.md	134	./CampaignEvents/	叶子	同桶兄弟	'../CampaignEvents/'	不符	§4.1.0 推导式 + L1b：叶子页指向同目录叶子须 ../X；写 ./X 解析到 /<桶>/<本页类名>/X/ 多一层（静默 404）
content\v1.4.5\zh\api\campaign-ext\KingdomManager.md	30	../ChangeKingdomAction	叶子	同桶兄弟	'../ChangeKingdomAction'	符合	L1b：叶子页同桶兄弟 ../<类名>
content\v1.4.5\zh\api\campaign-ext\KingdomManager.md	31	../DestroyKingdomAction	叶子	同桶兄弟	'../DestroyKingdomAction'	符合	L1b：叶子页同桶兄弟 ../<类名>
content\v1.4.5\zh\api\campaign-ext\KingdomManager.md	32	../DeclareWarAction	叶子	同桶兄弟	'../DeclareWarAction'	符合	L1b：叶子页同桶兄弟 ../<类名>
content\v1.4.5\zh\api\campaign-ext\KingdomManager.md	33	../ChangeRulingClanAction	叶子	同桶兄弟	'../ChangeRulingClanAction'	符合	L1b：叶子页同桶兄弟 ../<类名>
content\v1.4.5\zh\api\campaign-ext\KingdomManager.md	34	../../campaign/Kingdom	叶子	跨桶	'../../campaign/Kingdom'	符合	L4b：叶子页跨桶 ../../<目标桶>/<类>
content\v1.4.5\zh\api\campaign-ext\KingdomManager.md	39	../../campaign/Campaign	叶子	跨桶	'../../campaign/Campaign'	符合	L4b：叶子页跨桶 ../../<目标桶>/<类>
content\v1.4.5\zh\api\campaign-ext\KingdomManager.md	42	../ChangeKingdomAction	叶子	同桶兄弟	'../ChangeKingdomAction'	符合	L1b：叶子页同桶兄弟 ../<类名>
content\v1.4.5\zh\api\campaign-ext\KingdomManager.md	43	../DestroyKingdomAction	叶子	同桶兄弟	'../DestroyKingdomAction'	符合	L1b：叶子页同桶兄弟 ../<类名>
content\v1.4.5\zh\api\campaign-ext\KingdomManager.md	44	../DeclareWarAction	叶子	同桶兄弟	'../DeclareWarAction'	符合	L1b：叶子页同桶兄弟 ../<类名>
content\v1.4.5\zh\api\campaign-ext\KingdomManager.md	45	../ChangeRulingClanAction	叶子	同桶兄弟	'../ChangeRulingClanAction'	符合	L1b：叶子页同桶兄弟 ../<类名>
content\v1.4.5\zh\api\campaign-ext\KingdomManager.md	48	../FactionManager	叶子	同桶兄弟	'../FactionManager'	符合	L1b：叶子页同桶兄弟 ../<类名>
content\v1.4.5\zh\api\campaign-ext\KingdomManager.md	49	../../campaign/Kingdom	叶子	跨桶	'../../campaign/Kingdom'	符合	L4b：叶子页跨桶 ../../<目标桶>/<类>
content\v1.4.5\zh\api\campaign-ext\KingdomManager.md	49	../../campaign/Clan	叶子	跨桶	'../../campaign/Clan'	符合	L4b：叶子页跨桶 ../../<目标桶>/<类>
content\v1.4.5\zh\api\campaign-ext\KingdomManager.md	49	../../campaign/Hero	叶子	跨桶	'../../campaign/Hero'	符合	L4b：叶子页跨桶 ../../<目标桶>/<类>
content\v1.4.5\zh\api\core-extra\AgentData.md	123	../../campaign/	叶子	跨桶	'../../campaign/'	符合	L4b：叶子页跨桶 ../../<目标桶>/<类>
content\v1.4.5\zh\api\core-extra\AgentOriginUtilities.md	136	../../campaign/	叶子	跨桶	'../../campaign/'	符合	L4b：叶子页跨桶 ../../<目标桶>/<类>
content\v1.4.5\zh\api\core-extra\AgentOriginUtilities.md	136	../../mission-ext/	叶子	跨桶	'../../mission-ext/'	符合	L4b：叶子页跨桶 ../../<目标桶>/<类>
content\v1.4.5\zh\api\core-extra\AgentOriginUtilities.md	138	../../campaign/CharacterObject.cs:152	叶子	源码引用	（非站点导航）	非导航	指向游戏源码文件，不参与站点路由
content\v1.4.5\zh\api\core-extra\AmbientInformation.md	175	../../campaign/MenuHelper.cs:350/385	叶子	源码引用	（非站点导航）	非导航	指向游戏源码文件，不参与站点路由
content\v1.4.5\zh\api\core-extra\ApplicationPlatform.md	18	../../	叶子	域值（BasePath 返回值）	（非站点导航）	非导航	描述引擎基准路径返回值，非导航陈述
content\v1.4.5\zh\api\core-extra\ApplicationPlatform.md	61	../../	叶子	域值（BasePath 返回值）	（非站点导航）	非导航	描述引擎基准路径返回值，非导航陈述
content\v1.4.5\zh\api\core-extra\ApplicationPlatform.md	217	../../	叶子	域值（BasePath 返回值）	（非站点导航）	非导航	描述引擎基准路径返回值，非导航陈述
content\v1.4.5\zh\api\core-extra\ApplicationPlatform.md	221	../../campaign/Campaign.cs:1593	叶子	源码引用	（非站点导航）	非导航	指向游戏源码文件，不参与站点路由
content\v1.4.5\zh\api\core-extra\ApplicationVersion.md	200	../../campaign/Clan.cs:749-820	叶子	源码引用	（非站点导航）	非导航	指向游戏源码文件，不参与站点路由
content\v1.4.5\zh\api\core-extra\ApplicationVersion.md	200	../../campaign/Campaign.cs:612-629	叶子	源码引用	（非站点导航）	非导航	指向游戏源码文件，不参与站点路由
content\v1.4.5\zh\api\core-extra\ApplicationVersion.md	200	../../campaign/CampaignPeriodicEventManager.cs:199	叶子	源码引用	（非站点导航）	非导航	指向游戏源码文件，不参与站点路由
content\v1.4.5\zh\api\core-extra\ApplicationVersion.md	200	../../campaign/CharacterRelationManager.cs:153	叶子	源码引用	（非站点导航）	非导航	指向游戏源码文件，不参与站点路由
content\v1.4.5\zh\api\core-extra\ApplicationVersionType.md	190	../../campaign/Clan.cs:801/812/816/820	叶子	源码引用	（非站点导航）	非导航	指向游戏源码文件，不参与站点路由
content\v1.4.5\zh\api\core-extra\ApplicationVersionType.md	190	../../campaign/Campaign.cs:612-629	叶子	源码引用	（非站点导航）	非导航	指向游戏源码文件，不参与站点路由
content\v1.4.5\zh\api\core-extra\ApplicationVersionType.md	190	../../campaign/CampaignPeriodicEventManager.cs:199	叶子	源码引用	（非站点导航）	非导航	指向游戏源码文件，不参与站点路由
content\v1.4.5\zh\api\core-extra\ApplicationVersionType.md	190	../../campaign/CharacterRelationManager.cs:153	叶子	源码引用	（非站点导航）	非导航	指向游戏源码文件，不参与站点路由
content\v1.4.5\zh\api\core-extra\AtmosphereInfo.md	194	../../campaign/MenuHelper.cs:350/385	叶子	源码引用	（非站点导航）	非导航	指向游戏源码文件，不参与站点路由
