content/v1.3.0/en/architecture/_index.md	Architecture Overview (v1.3.0)
content/v1.3.0/en/architecture/module-system.md	Module System
content/v1.3.0/en/architecture/native-interop.md	Managed-Native Interop
content/v1.3.0/en/architecture/save-system.md	Save System / Save System
content/v1.3.0/en/architecture/sdk-overview.md	SDK Overview — Module Map and Developer Roadmap
content/v1.3.0/en/architecture/version-delta.md	Version Delta — Module Comparison
content/v1.3.0/zh/architecture/_index.md	架构总览（v1.3.0）
content/v1.3.0/zh/architecture/module-system.md	模块系统详解 / Module System
content/v1.3.0/zh/architecture/native-interop.md	托管 / 原生互操作 / Managed-Native Interop
content/v1.3.0/zh/architecture/save-system.md	存档系统 / Save System
content/v1.3.0/zh/architecture/sdk-overview.md	SDK 总览 — 模块地图与开发者路线图
content/v1.3.0/zh/architecture/version-delta.md	版本差异 — 模块对照与迁移指南
content/v1.3.15/en/architecture/_index.md	Architecture
content/v1.3.15/en/architecture/crash-boundaries.md	Crash & Save Boundaries
content/v1.3.15/en/architecture/developer-roadmap.md	Developer Task Roadmap
content/v1.3.15/en/architecture/doc-contract.md	Doc Contract — Handwritten-Only Policy and Acceptance
content/v1.3.15/en/architecture/module-system.md	Module System
content/v1.3.15/en/architecture/native-interop.md	Managed-Native Interop
content/v1.3.15/en/architecture/noise-policy.md	Noise & Non-Business Type Policy
content/v1.3.15/en/architecture/sandbox-native-policy.md	SandBox / StoryMode / Native Reading Policy
content/v1.3.15/en/architecture/save-system.md	Save System
content/v1.3.15/en/architecture/sdk-overview.md	SDK Overview — Module Map & Developer Roadmap
content/v1.3.15/en/architecture/version-delta.md	Version Delta — Module Comparison
content/v1.3.15/zh/architecture/_index.md	架构总览
content/v1.3.15/zh/architecture/crash-boundaries.md	崩溃与存档边界
content/v1.3.15/zh/architecture/developer-roadmap.md	开发者路线图
content/v1.3.15/zh/architecture/doc-contract.md	文档契约 — 仅手写政策与验收标准（v1.3.15）
content/v1.3.15/zh/architecture/module-system.md	模块系统
content/v1.3.15/zh/architecture/native-interop.md	托管 / 原生互操作
content/v1.3.15/zh/architecture/noise-policy.md	噪声与非业务类型政策
content/v1.3.15/zh/architecture/sandbox-native-policy.md	SandBox / StoryMode / Native 阅读政策
content/v1.3.15/zh/architecture/save-system.md	存档系统 / Save System
content/v1.3.15/zh/architecture/scenario-acceptance-E.md	验收场景 E — 仅靠文档完成五个典型 mod 任务
content/v1.3.15/zh/architecture/sdk-overview.md	SDK 分层概览
content/v1.3.15/zh/architecture/version-delta.md	版本差异 — 模块对照与迁移指南
content/v1.4.5/en/architecture/_index.md	Architecture (v1.4.5)
content/v1.4.5/en/architecture/crash-boundary.md	Crash & Save Boundaries (v1.4.5)
content/v1.4.5/en/architecture/developer-roadmap.md	Developer Roadmap (v1.4.5)
content/v1.4.5/en/architecture/doc-contract.md	Doc Contract — Handwritten-Only Policy and Acceptance (v1.4.5)
content/v1.4.5/en/architecture/milestone-report.md	Milestone Report M0–M2 (Cycle 1)
content/v1.4.5/en/architecture/noise-policy.md	Noise and Non-Business Type Policy (v1.4.5)
content/v1.4.5/en/architecture/roadmap.md	Developer Roadmap (v1.4.5)
content/v1.4.5/en/architecture/sandbox-native-policy.md	SandBox / StoryMode / Native Reading Policy (v1.4.5)
content/v1.4.5/en/architecture/sdk-overview.md	SDK Overview — Module Map & Developer Roadmap (v1.4.5)
content/v1.4.5/zh/architecture/_index.md	架构总览
content/v1.4.5/zh/architecture/crash-boundaries.md	崩溃与存档边界
content/v1.4.5/zh/architecture/crash-boundary.md	崩溃与存档边界（v1.4.5）
content/v1.4.5/zh/architecture/developer-roadmap.md	开发者任务路线图
content/v1.4.5/zh/architecture/doc-contract.md	文档契约 — 仅手写政策与验收标准（v1.3.15）
content/v1.4.5/zh/architecture/milestone-report.md	里程碑报告 M0–M2（周期 1）
content/v1.4.5/zh/architecture/module-system.md	模块系统详解 / Module System
content/v1.4.5/zh/architecture/native-interop.md	托管 / 原生互操作
content/v1.4.5/zh/architecture/noise-policy.md	噪声与非业务类型政策
content/v1.4.5/zh/architecture/roadmap.md	开发者路线图（v1.4.5）
content/v1.4.5/zh/architecture/sandbox-native-policy.md	SandBox / StoryMode / Native 阅读政策
content/v1.4.5/zh/architecture/save-system.md	存档系统 / Save System
content/v1.4.5/zh/architecture/scenario-acceptance-E.md	验收场景 E — 仅靠文档完成五个典型 mod 任务
content/v1.4.5/zh/architecture/sdk-overview.md	SDK 总览 — 模块地图与开发者路线图
content/v1.4.5/zh/architecture/version-delta.md	版本差异 — 模块对照与迁移指南
content/v1.4.6/en/architecture/_index.md	Architecture
content/v1.4.6/en/architecture/module-map.md	1.4.6 Module Map
content/v1.4.6/en/architecture/sdk-overview.md	SDK Layering Overview (v1.4.6)
content/v1.4.6/en/architecture/version-delta.md	Version Delta (1.4.6 / 1.4.5 / 1.3.15)
content/v1.4.6/zh/architecture/_index.md	架构总览
content/v1.4.6/zh/architecture/module-map.md	1.4.6 模块地图
content/v1.4.6/zh/architecture/sdk-overview.md	SDK 分层概览（v1.4.6）
content/v1.4.6/zh/architecture/version-delta.md	版本差异（1.4.6 / 1.4.5 / 1.3.15）
content/v1.4.7/en/architecture/_index.md	Bannerlord v1.4.7 Architecture
content/v1.4.7/en/architecture/module-system.md	Module System — how Module and MBSubModuleBase load
content/v1.4.7/en/architecture/save-system.md	Save System — persisting custom data
content/v1.4.7/en/architecture/sdk-overview.md	SDK Overview — assembly layering and reference map
content/v1.4.7/en/architecture/ui-stack.md	UI Stack — ScreenSystem, Gauntlet and ViewModel
content/v1.4.7/en/architecture/version-delta.md	Version Delta — 1.4.7 vs 1.4.5 vs 1.3.15
content/v1.4.7/zh/architecture/_index.md	Bannerlord v1.4.7 架构总览
content/v1.4.7/zh/architecture/module-system.md	模块系统 — Module 与 MBSubModuleBase 加载流程
content/v1.4.7/zh/architecture/save-system.md	存档系统 — 自定义数据的持久化
content/v1.4.7/zh/architecture/sdk-overview.md	SDK 总览 — 程序集分层与引用地图
content/v1.4.7/zh/architecture/ui-stack.md	界面栈 — ScreenSystem / Gauntlet / ViewModel 三层
content/v1.4.7/zh/architecture/version-delta.md	版本差异 — 1.4.7 vs 1.4.5 vs 1.3.15
content/v1.5.3/en/architecture/_index.md	Architecture
content/v1.5.3/en/architecture/migration-from-1.4.5.md	Migrating from 1.4.5 to 1.5.3
content/v1.5.3/en/architecture/module-map.md	Module Map
content/v1.5.3/en/architecture/sdk-overview.md	SDK Layering Overview
content/v1.5.3/zh/architecture/_index.md	架构 / Architecture
content/v1.5.3/zh/architecture/migration-from-1.4.5.md	从 1.4.5 迁移到 1.5.3
content/v1.5.3/zh/architecture/module-map.md	模块地图 / Module Map
content/v1.5.3/zh/architecture/sdk-overview.md	SDK 分层概览
