DefaultSettlementFoodModel	READ_START	1791155371.007692500
DefaultSettlementFoodModel	READ_END	1791155383.895517800
DefaultSettlementFoodModel	WRITE_END	1791155423.559683100
DefaultSettlementGarrisonModel	READ_START	1791155430.770474400
DefaultSettlementGarrisonModel	READ_END	1791155447.706379400
DefaultSettlementGarrisonModel	WRITE_END	1791155470.171346100
DefaultSettlementLoyaltyModel	READ_START	1791155470.387513000
DefaultSettlementLoyaltyModel	READ_END	1791155484.606399100
DefaultSettlementLoyaltyModel	WRITE_END	1791155514.194908900
DefaultSettlementPatrolModel	READ_START	1791155514.422416000
DefaultSettlementPatrolModel	READ_END	1791155561.073922600
DefaultSettlementPatrolModel	WRITE_END	1791155561.451353400
DefaultSettlementSecurityModel	READ_START	1791155561.711519700
DefaultSettlementSecurityModel	READ_END	1791155617.310791900
DefaultSettlementSecurityModel	WRITE_END	1791155617.629028200
ApplyHeirSelectionAction	READ_START	1791155629.774517800
ApplyHeirSelectionAction	READ_END	1791155642.065938500
ApplyHeirSelectionAction	WRITE_END	1791155684.552695500
BeHostileAction	READ_START	1791155688.404675300
BeHostileAction	READ_END	1791155702.481470600
BeHostileAction	WRITE_END	1791155728.828824400
ChangeProductionTypeOfWorkshopAction	READ_START	1791155742.463350200
ChangeProductionTypeOfWorkshopAction	READ_END	1791155748.871764000
ChangeProductionTypeOfWorkshopAction	WRITE_END	1791155785.237277700
