route	disk_file	natural_parent_index	missing_reason	suggested_fix
v1.3.0/en/api/mission/root/	content/v1.3.0/en/api/mission/root/_index.md	content/v1.3.0/en/api/mission/_index.md	父 mission/_index.md 未列 root 子桶	在 mission/_index.md 加 [root](./root/) 链接
v1.3.0/zh/api/mission/root/	content/v1.3.0/zh/api/mission/root/_index.md	content/v1.3.0/zh/api/mission/_index.md	父 mission/_index.md 未列 root 子桶	在 mission/_index.md 加 [root](./root/) 链接
v1.3.15/en/native-1.3.15-src/ALL-FUNCTIONS-LIST.txt/	content/v1.3.15/en/native-1.3.15-src/ALL-FUNCTIONS-LIST.txt	content/v1.3.15/en/native-1.3.15-src/_index.md	.txt 在本站不是页面（Zola 只出 .md 路由），永远无法被链到	从 content/ 移除该 .txt 文件，或改为 .md 格式
v1.3.15/zh/native-1.3.15-src/ALL-FUNCTIONS-LIST.txt/	content/v1.3.15/zh/native-1.3.15-src/ALL-FUNCTIONS-LIST.txt	content/v1.3.15/zh/native-1.3.15-src/_index.md	.txt 在本站不是页面（Zola 只出 .md 路由），永远无法被链到	从 content/ 移除该 .txt 文件，或改为 .md 格式
v1.4.5/zh/api/save-system/MetaDataExtensions/	content/v1.4.5/zh/api/save-system/MetaDataExtensions.md	content/v1.4.5/zh/api/save-system/_index.md	索引只链了带命名空间的 MetaDataExtensions__TaleWorlds_SaveSystem，未链裸名	在 save-system/_index.md 加 [MetaDataExtensions](./MetaDataExtensions) 链接
v1.4.5/zh/api/system/AutoGeneratedSaveManager/	content/v1.4.5/zh/api/system/AutoGeneratedSaveManager.md	content/v1.4.5/zh/api/system/_index.md	父索引未列	在 system/_index.md 加 [AutoGeneratedSaveManager](./AutoGeneratedSaveManager) 链接
v1.4.5/zh/api/system/BoardGameState/	content/v1.4.5/zh/api/system/BoardGameState.md	content/v1.4.5/zh/api/system/_index.md	父索引未列	在 system/_index.md 加 [BoardGameState](./BoardGameState) 链接
v1.4.5/zh/architecture/milestone-report/	content/v1.4.5/zh/architecture/milestone-report.md	content/v1.4.5/zh/architecture/_index.md	父 architecture/_index.md 未列	在 architecture/_index.md 加 [milestone-report](./milestone-report) 链接
v1.4.7/en/api/engine/MBDebug/	content/v1.4.7/en/api/engine/MBDebug.md	content/v1.4.7/en/api/engine/_index.md	en engine 索引链的是 ../../../zh/api/engine/MBDebug（跨语言），未链 ./MBDebug（同桶兄弟）	在 en engine/_index.md 加 [MBDebug](./MBDebug) 链接
