page	class	listed	disk	hasCount	note
content/v1.3.0/en/api/campaign/_index.md	1	1355	1388	false	有链接无数量措辞
content/v1.3.0/en/api/campaign/_index.md	2	1355	1388	false	少列
content/v1.3.0/en/api/campaign-ext/_index.md	1	1216	1223	false	有链接无数量措辞
content/v1.3.0/en/api/campaign-ext/_index.md	2	1216	1223	false	少列
content/v1.3.0/en/api/core/_index.md	1	2	2	false	有链接无数量措辞
content/v1.3.0/en/api/core-extra/_index.md	1	520	528	false	有链接无数量措辞
content/v1.3.0/en/api/core-extra/_index.md	2	520	528	false	少列
content/v1.3.0/en/api/engine/_index.md	1	204	208	false	有链接无数量措辞
content/v1.3.0/en/api/engine/_index.md	2	204	208	false	少列
content/v1.3.0/en/api/gameplay/_index.md	1	15	17	false	有链接无数量措辞
content/v1.3.0/en/api/gameplay/_index.md	2	15	17	false	少列
content/v1.3.0/en/api/gui/_index.md	1	181	188	false	有链接无数量措辞
content/v1.3.0/en/api/gui/_index.md	2	181	188	false	少列
content/v1.3.0/en/api/localization/_index.md	1	54	57	false	有链接无数量措辞
content/v1.3.0/en/api/localization/_index.md	2	54	57	false	少列
content/v1.3.0/en/api/mission/_index.md	1	53	53	false	有链接无数量措辞
content/v1.3.0/en/api/mission-ext/_index.md	1	1103	1115	false	有链接无数量措辞
content/v1.3.0/en/api/mission-ext/_index.md	2	1103	1115	false	少列
content/v1.3.0/en/api/system/_index.md	1	45	45	false	有链接无数量措辞
content/v1.3.0/en/api/viewmodel/_index.md	1	433	448	false	有链接无数量措辞
content/v1.3.0/en/api/viewmodel/_index.md	2	433	448	false	少列
content/v1.3.0/en/guide/_index.md	1	5	5	false	有链接无数量措辞
content/v1.3.0/en/_index.md	1	5	5	false	有链接无数量措辞
content/v1.3.0/zh/api/campaign/_index.md	1	1355	1388	false	有链接无数量措辞
content/v1.3.0/zh/api/campaign/_index.md	2	1355	1388	false	少列
content/v1.3.0/zh/api/campaign-ext/_index.md	1	1216	1223	false	有链接无数量措辞
content/v1.3.0/zh/api/campaign-ext/_index.md	2	1216	1223	false	少列
content/v1.3.0/zh/api/core/_index.md	1	2	2	false	有链接无数量措辞
content/v1.3.0/zh/api/core-extra/_index.md	1	520	528	false	有链接无数量措辞
content/v1.3.0/zh/api/core-extra/_index.md	2	520	528	false	少列
content/v1.3.0/zh/api/engine/_index.md	1	204	208	false	有链接无数量措辞
content/v1.3.0/zh/api/engine/_index.md	2	204	208	false	少列
content/v1.3.0/zh/api/gameplay/_index.md	1	15	17	false	有链接无数量措辞
content/v1.3.0/zh/api/gameplay/_index.md	2	15	17	false	少列
content/v1.3.0/zh/api/gui/_index.md	1	181	188	false	有链接无数量措辞
content/v1.3.0/zh/api/gui/_index.md	2	181	188	false	少列
content/v1.3.0/zh/api/localization/_index.md	1	54	57	false	有链接无数量措辞
content/v1.3.0/zh/api/localization/_index.md	2	54	57	false	少列
content/v1.3.0/zh/api/mission/_index.md	1	53	53	false	有链接无数量措辞
content/v1.3.0/zh/api/mission-ext/_index.md	1	1103	1115	false	有链接无数量措辞
content/v1.3.0/zh/api/mission-ext/_index.md	2	1103	1115	false	少列
content/v1.3.0/zh/api/system/_index.md	1	45	45	false	有链接无数量措辞
content/v1.3.0/zh/api/viewmodel/_index.md	1	433	448	false	有链接无数量措辞
content/v1.3.0/zh/api/viewmodel/_index.md	2	433	448	false	少列
content/v1.3.0/zh/guide/_index.md	1	5	5	false	有链接无数量措辞
content/v1.3.0/zh/_index.md	1	5	5	false	有链接无数量措辞
content/v1.3.0/_index.md	1	2	2	false	有链接无数量措辞
content/v1.3.15/en/api/campaign/_index.md	1	50	52	false	有链接无数量措辞
content/v1.3.15/en/api/campaign/_index.md	2	50	52	false	少列
content/v1.3.15/en/api/campaign-ext/_index.md	1	2851	2851	false	有链接无数量措辞
content/v1.3.15/en/api/core/_index.md	1	2	3	false	有链接无数量措辞
content/v1.3.15/en/api/core/_index.md	2	2	3	false	少列
content/v1.3.15/en/api/core-extra/_index.md	1	528	528	false	有链接无数量措辞
content/v1.3.15/en/api/engine/_index.md	1	204	204	false	有链接无数量措辞
content/v1.3.15/en/api/gui/_index.md	1	56	58	false	有链接无数量措辞
content/v1.3.15/en/api/gui/_index.md	2	56	58	false	少列
content/v1.3.15/en/api/localization/_index.md	1	52	52	false	有链接无数量措辞
content/v1.3.15/en/api/mission/_index.md	1	58	58	false	有链接无数量措辞
content/v1.3.15/en/api/mission-ext/_index.md	1	1635	1635	false	有链接无数量措辞
content/v1.3.15/en/api/save-system/_index.md	1	108	108	false	有链接无数量措辞
content/v1.3.15/en/api/system/_index.md	1	26	26	false	有链接无数量措辞
content/v1.3.15/en/api/viewmodel/_index.md	1	42	42	false	有链接无数量措辞
content/v1.3.15/en/architecture/_index.md	1	9	14	false	有链接无数量措辞
content/v1.3.15/en/architecture/_index.md	2	9	14	false	少列
content/v1.3.15/en/guide/_index.md	1	9	11	false	有链接无数量措辞
content/v1.3.15/en/guide/_index.md	2	9	11	false	少列
content/v1.3.15/en/native/_index.md	1	7	7	false	有链接无数量措辞
content/v1.3.15/en/native-1.3.15-src/_index.md	1	12	12	false	有链接无数量措辞
content/v1.3.15/en/xml-reference/_index.md	1	1	1	false	有链接无数量措辞
content/v1.3.15/en/_index.md	1	6	6	false	有链接无数量措辞
content/v1.3.15/zh/api/campaign/_index.md	1	50	52	false	有链接无数量措辞
content/v1.3.15/zh/api/campaign/_index.md	2	50	52	false	少列
content/v1.3.15/zh/api/campaign-ext/_index.md	1	2853	2853	false	有链接无数量措辞
content/v1.3.15/zh/api/core/_index.md	1	2	3	false	有链接无数量措辞
content/v1.3.15/zh/api/core/_index.md	2	2	3	false	少列
content/v1.3.15/zh/api/core-extra/_index.md	1	528	528	false	有链接无数量措辞
content/v1.3.15/zh/api/engine/_index.md	1	204	204	false	有链接无数量措辞
content/v1.3.15/zh/api/gui/_index.md	1	56	58	false	有链接无数量措辞
content/v1.3.15/zh/api/gui/_index.md	2	56	58	false	少列
content/v1.3.15/zh/api/localization/_index.md	1	52	52	false	有链接无数量措辞
content/v1.3.15/zh/api/mission/_index.md	1	58	58	false	有链接无数量措辞
content/v1.3.15/zh/api/mission-ext/_index.md	1	1635	1635	false	有链接无数量措辞
content/v1.3.15/zh/api/save-system/_index.md	1	108	109	false	有链接无数量措辞
content/v1.3.15/zh/api/save-system/_index.md	2	108	109	false	少列
content/v1.3.15/zh/api/system/_index.md	1	26	26	false	有链接无数量措辞
content/v1.3.15/zh/api/viewmodel/_index.md	1	42	42	false	有链接无数量措辞
content/v1.3.15/zh/architecture/_index.md	1	14	15	false	有链接无数量措辞
content/v1.3.15/zh/architecture/_index.md	2	14	15	false	少列
content/v1.3.15/zh/guide/_index.md	1	14	14	false	有链接无数量措辞
content/v1.3.15/zh/native/_index.md	1	7	7	false	有链接无数量措辞
content/v1.3.15/zh/native-1.3.15-src/_index.md	1	12	12	false	有链接无数量措辞
content/v1.3.15/zh/xml-reference/_index.md	1	1	1	false	有链接无数量措辞
content/v1.3.15/zh/_index.md	1	6	6	false	有链接无数量措辞
content/v1.3.15/_index.md	1	2	2	false	有链接无数量措辞
content/v1.4.5/en/api/campaign/_index.md	1	1360	1360	false	有链接无数量措辞
content/v1.4.5/en/api/campaign-ext/_index.md	1	1631	1641	false	有链接无数量措辞
content/v1.4.5/en/api/campaign-ext/_index.md	2	1631	1641	false	少列
content/v1.4.5/en/api/core-extra/_index.md	1	530	530	false	有链接无数量措辞
content/v1.4.5/en/api/engine/_index.md	1	202	202	false	有链接无数量措辞
content/v1.4.5/en/api/gameplay/_index.md	1	18	18	false	有链接无数量措辞
content/v1.4.5/en/api/gui/_index.md	1	321	321	false	有链接无数量措辞
content/v1.4.5/en/api/localization/_index.md	1	54	54	false	有链接无数量措辞
content/v1.4.5/en/api/mission/_index.md	1	75	75	false	有链接无数量措辞
content/v1.4.5/en/api/mission-ext/_index.md	1	2139	2139	false	有链接无数量措辞
content/v1.4.5/en/api/save-system/_index.md	1	108	108	false	有链接无数量措辞
content/v1.4.5/en/api/system/_index.md	1	68	68	false	有链接无数量措辞
content/v1.4.5/en/api/viewmodel/_index.md	1	600	600	false	有链接无数量措辞
content/v1.4.5/en/_index.md	2	3	5	true	少列
content/v1.4.5/zh/api/campaign/_index.md	1	1361	1361	false	有链接无数量措辞
content/v1.4.5/zh/api/campaign-ext/_index.md	1	3688	3688	false	有链接无数量措辞
content/v1.4.5/zh/api/core/_index.md	1	2	5	false	有链接无数量措辞
content/v1.4.5/zh/api/core/_index.md	2	2	5	false	少列
content/v1.4.5/zh/api/core-extra/_index.md	1	537	537	false	有链接无数量措辞
content/v1.4.5/zh/api/engine/_index.md	1	204	204	false	有链接无数量措辞
content/v1.4.5/zh/api/gameplay/_index.md	1	18	18	false	有链接无数量措辞
content/v1.4.5/zh/api/gui/_index.md	1	326	326	false	有链接无数量措辞
content/v1.4.5/zh/api/localization/_index.md	1	54	54	false	有链接无数量措辞
content/v1.4.5/zh/api/mission/_index.md	1	77	77	false	有链接无数量措辞
content/v1.4.5/zh/api/mission-ext/_index.md	1	2316	2316	false	有链接无数量措辞
content/v1.4.5/zh/api/save-system/_index.md	1	109	109	false	有链接无数量措辞
content/v1.4.5/zh/api/system/_index.md	1	70	70	false	有链接无数量措辞
content/v1.4.5/zh/api/viewmodel/_index.md	1	605	605	false	有链接无数量措辞
content/v1.4.5/zh/architecture/_index.md	1	14	14	false	有链接无数量措辞
content/v1.4.5/zh/guide/_index.md	1	14	14	false	有链接无数量措辞
content/v1.4.5/zh/native/_index.md	1	7	7	false	有链接无数量措辞
content/v1.4.5/zh/native-1.3.15-src/_index.md	1	12	12	false	有链接无数量措辞
content/v1.4.5/zh/xml-reference/_index.md	1	1	1	false	有链接无数量措辞
content/v1.4.5/zh/_index.md	1	6	6	false	有链接无数量措辞
content/v1.5.3/en/architecture/_index.md	1	3	3	false	有链接无数量措辞
content/v1.5.3/zh/api/localization/_index.md	1	19	19	false	有链接无数量措辞
content/v1.5.3/zh/api/storymode/_index.md	1	92	92	false	有链接无数量措辞
content/v1.5.3/zh/architecture/_index.md	1	3	3	false	有链接无数量措辞
content/v1.5.3/zh/_index.md	1	4	2	false	有链接无数量措辞
content/versions/_index.md	1	18	27	false	有链接无数量措辞
content/versions/_index.md	2	18	27	false	少列
content/_index.md	2	0	7	false	少列
