1	content/v1.3.15/zh/api/campaign-ext/CampaignEventDispatcher.md
1	content/v1.3.15/zh/api/campaign-ext/CampaignMission.md
1	content/v1.4.5/zh/api/mission/Mission.md
2	content/v1.3.15/zh/api/campaign/PartyBase.md
2	content/v1.3.15/zh/api/campaign-ext/CampaignEvents.md
2	content/v1.4.5/zh/api/campaign/PartyBase.md
2	content/v1.4.5/zh/api/campaign-ext/CampaignEventDispatcher.md
2	content/v1.4.5/zh/api/campaign-ext/CampaignEvents.md
2	content/v1.4.5/zh/api/campaign-ext/CampaignMission.md
2	content/v1.4.5/zh/api/core/MBSubModuleBase.md
3	content/v1.3.15/zh/api/campaign/Town.md
3	content/v1.3.15/zh/api/campaign-ext/SettlementGarrisonModel.md
3	content/v1.3.15/zh/api/campaign-ext/SettlementLoyaltyModel.md
3	content/v1.4.5/zh/api/campaign/Town.md
3	content/v1.4.5/zh/api/campaign-ext/SettlementGarrisonModel.md
3	content/v1.4.5/zh/api/campaign-ext/SettlementLoyaltyModel.md
3	content/v1.3.15/zh/api/campaign-ext/ItemRoster.md
3	content/v1.4.5/zh/api/campaign/IssueState.md
3	content/v1.4.5/zh/api/campaign-ext/ItemRoster.md
4	content/v1.3.15/zh/api/gui/Material.md
4	content/v1.3.15/zh/api/gui/SpriteFromTexture.md
4	content/v1.4.5/zh/api/gui/Material.md
4	content/v1.4.5/zh/api/gui/SpriteFromTexture.md
4	content/v1.3.15/zh/api/campaign-ext/CampaignPeriodicEventManager.md
4	content/v1.4.5/zh/api/campaign-ext/CampaignPeriodicEventManager.md
5	content/v1.3.15/zh/api/core-extra/Banner.md
5	content/v1.3.0/zh/api/campaign/AcceptCallToWarAgreementDecision.md
5	content/v1.3.0/zh/api/campaign/AcceptCallToWarAgreementDecisionOutcome.md
5	content/v1.3.0/zh/api/campaign/AcceptCallToWarOfferMapNotification.md
5	content/v1.3.0/zh/api/campaign/AccessLevel.md
5	content/v1.3.0/zh/api/campaign/AccessLimitationReason.md
5	content/v1.3.0/zh/api/campaign/AccessMethod.md
5	content/v1.3.0/zh/api/campaign/AccompanyingCharacter.md
5	content/v1.3.0/zh/api/campaign/ActionNotes.md
5	content/v1.3.0/zh/api/campaign/AdditionType.md
5	content/v1.3.0/zh/api/campaign/AgeModel.md
5	content/v1.3.0/zh/api/campaign/CampaignEvents.md
5	content/v1.3.0/zh/api/campaign/CampaignGameStarter.md
5	content/v1.3.0/zh/api/campaign/GameModels.md
5	content/v1.3.0/zh/api/campaign/IDataStore.md
5	content/v1.3.0/zh/api/campaign-ext/AccessObject.md
5	content/v1.3.0/zh/api/campaign-ext/Achievement.md
5	content/v1.3.0/zh/api/campaign-ext/AchievementManager.md
5	content/v1.3.0/zh/api/campaign-ext/AchievementsCampaignBehavior.md
5	content/v1.3.0/zh/api/campaign-ext/Activity.md
5	content/v1.3.0/zh/api/campaign-ext/ActivityManager.md
5	content/v1.3.0/zh/api/campaign-ext/Add1000GoldCheat.md
5	content/v1.3.0/zh/api/campaign-ext/Add100InfluenceCheat.md
5	content/v1.3.0/zh/api/campaign-ext/AddMissionObjectBodyFlags.md
5	content/v1.3.0/zh/api/campaign-ext/AddPeerComponent.md
5	content/v1.3.0/zh/api/campaign-ext/AgentAlarmStateEnum.md
5	content/v1.3.0/zh/api/campaign-ext/AgentStealthOffenseType.md
5	content/v1.3.0/zh/api/campaign-ext/ArmyCohesionStep1Tutorial.md
5	content/v1.3.0/zh/api/campaign-ext/ArmyCohesionStep2Tutorial.md
5	content/v1.3.0/zh/api/campaign-ext/ArzagosBannerPieceQuest.md
5	content/v1.3.0/zh/api/campaign-ext/AxisType.md
5	content/v1.3.0/zh/api/campaign-ext/BannerEditorView.md
5	content/v1.3.0/zh/api/campaign-ext/BattleSimulationMapView.md
5	content/v1.3.0/zh/api/campaign-ext/BattleSimulationResult.md
5	content/v1.3.0/zh/api/campaign-ext/Canvas.md
5	content/v1.3.0/zh/api/campaign-ext/CharacterCreationBannerEditorView.md
5	content/v1.3.0/zh/api/campaign-ext/ConspiracyQuestMapNotificationItemVM.md
5	content/v1.3.0/zh/api/campaign-ext/ControllerTypes.md
5	content/v1.3.0/zh/api/campaign-ext/DependedModule.md
5	content/v1.3.0/zh/api/campaign-ext/LinQuick.md
5	content/v1.3.0/zh/api/campaign-ext/MissionGauntletObjectiveView.md
5	content/v1.3.0/zh/api/campaign-ext/PrefabTooltipExtension.md
5	content/v1.3.0/zh/api/campaign-ext/WindingOrder.md
5	content/v1.3.0/zh/api/core-extra/ActionSetCode.md
5	content/v1.3.0/zh/api/core-extra/AgentAttackType.md
5	content/v1.3.0/zh/api/core-extra/AgentControllerType.md
5	content/v1.3.0/zh/api/core-extra/AgentData.md
5	content/v1.3.0/zh/api/core-extra/AgentFlag.md
5	content/v1.3.0/zh/api/core-extra/AgentMovementMode.md
5	content/v1.3.0/zh/api/core-extra/AgentOriginUtilities.md
5	content/v1.3.0/zh/api/core-extra/AgentSaveData.md
5	content/v1.3.0/zh/api/core-extra/AgentState.md
5	content/v1.3.0/zh/api/core-extra/BodyProperties.md
5	content/v1.3.0/zh/api/core-extra/Color.md
5	content/v1.3.0/zh/api/core-extra/DefaultSkills.md
5	content/v1.3.0/zh/api/core-extra/EntitySystem.md
5	content/v1.3.0/zh/api/core-extra/Equipment.md
5	content/v1.3.0/zh/api/core-extra/Game.md
5	content/v1.3.0/zh/api/core-extra/GameModel.md
5	content/v1.3.0/zh/api/core-extra/GameModelsManager.md
5	content/v1.3.0/zh/api/core-extra/GameStateManager.md
5	content/v1.3.0/zh/api/core-extra/ItemModifier.md
5	content/v1.3.0/zh/api/core-extra/MBBindingList.md
5	content/v1.3.0/zh/api/core-extra/MBList.md
5	content/v1.3.0/zh/api/core-extra/MBMath.md
5	content/v1.3.0/zh/api/core-extra/MBReadOnlyList.md
5	content/v1.3.0/zh/api/core-extra/MBStringBuilder.md
5	content/v1.3.0/zh/api/core-extra/PropertyOwner.md
5	content/v1.3.0/zh/api/core-extra/SkillObject.md
5	content/v1.3.0/zh/api/core-extra/Vec2.md
5	content/v1.3.0/zh/api/core-extra/Vec3.md
5	content/v1.3.0/zh/api/core-extra/WeaponComponent.md
5	content/v1.3.0/zh/api/core-extra/WeaponDesign.md
5	content/v1.3.0/zh/api/mission-ext/ActionCodeType.md
5	content/v1.3.0/zh/api/mission-ext/ActionOptionData.md
5	content/v1.3.0/zh/api/mission-ext/ActionStage.md
5	content/v1.3.0/zh/api/mission-ext/AddPlayersResult.md
5	content/v1.3.0/zh/api/mission-ext/AdvanceVisualOrder.md
5	content/v1.3.0/zh/api/mission-ext/AgentApplyDamageModel.md
5	content/v1.3.0/zh/api/mission-ext/AgentBuildData.md
5	content/v1.3.0/zh/api/mission-ext/AgentCapsuleData.md
5	content/v1.3.0/zh/api/mission-ext/AgentCommonAILogic.md
5	content/v1.3.0/zh/api/mission-ext/AgentComponent.md
5	content/v1.3.0/zh/api/mission-ext/AgentController.md
5	content/v1.3.0/zh/api/mission-ext/AgentDecideKilledOrUnconsciousModel.md
5	content/v1.3.0/zh/api/mission-ext/AgentDrivenProperties.md
5	content/v1.3.0/zh/api/mission-ext/AgentHumanAILogic.md
5	content/v1.3.0/zh/api/mission-ext/AgentLastHitInfo.md
5	content/v1.3.0/zh/api/mission-ext/AgentList.md
5	content/v1.3.0/zh/api/mission-ext/AgentMovementLockedState.md
5	content/v1.3.0/zh/api/mission-ext/AgentPathNavMeshChecker.md
5	content/v1.3.0/zh/api/gui/AlignmentAxis.md
5	content/v1.3.0/zh/api/gui/AnimatedDropdownWidget.md
5	content/v1.3.0/zh/api/gui/AnimationInterpolation.md
5	content/v1.3.0/zh/api/gui/AudioProperty.md
5	content/v1.3.0/zh/api/gui/AutoScrollParameters.md
5	content/v1.3.0/zh/api/gui/BasicContainer.md
5	content/v1.3.0/zh/api/gui/Brush.md
5	content/v1.3.0/zh/api/gui/BrushAnimation.md
5	content/v1.3.0/zh/api/gui/BrushAnimationPropertyType.md
5	content/v1.3.0/zh/api/gui/BrushFactory.md
5	content/v1.3.0/zh/api/gui/BrushLayer.md
5	content/v1.3.0/zh/api/gui/BrushLayerSizePolicy.md
5	content/v1.3.0/zh/api/gui/BrushLayerState.md
5	content/v1.3.0/zh/api/gui/BrushListPanel.md
5	content/v1.3.0/zh/api/gui/BrushOverlayMethod.md
5	content/v1.3.0/zh/api/mission/ActionIndexCache.md
5	content/v1.3.0/zh/api/mission/MissionBehavior.md
5	content/v1.3.0/zh/api/mission/MultiplayerBattleColors.md
5	content/v1.3.0/zh/api/mission/MultiplayerCultureColorInfo.md
5	content/v1.4.5/zh/api/campaign/AcceptCallToWarAgreementDecision.md
5	content/v1.4.5/zh/api/campaign/AcceptCallToWarOfferMapNotification.md
5	content/v1.4.5/zh/api/campaign/ActionNotes.md
5	content/v1.4.5/zh/api/campaign/AgingCampaignBehavior.md
5	content/v1.4.5/zh/api/campaign/Alley.md
5	content/v1.4.5/zh/api/campaign/AlleyUnderAttackMapNotification.md
5	content/v1.4.5/zh/api/campaign/AllianceCampaignBehavior.md
5	content/v1.4.5/zh/api/campaign/AllianceModel.md
5	content/v1.4.5/zh/api/campaign/AllianceOfferMapNotification.md
5	content/v1.4.5/zh/api/campaign/AlliedLordTag.md
5	content/v1.4.5/zh/api/campaign/AmoralTag.md
5	content/v1.4.5/zh/api/campaign/AnchorPoint.md
5	content/v1.4.5/zh/api/campaign/AntiEmpireConspiracyBeginsSceneNotificationItem.md
5	content/v1.4.5/zh/api/campaign/AnyNotableTypeTag.md
5	content/v1.4.5/zh/api/campaign/ArmyCreationLogEntry.md
5	content/v1.4.5/zh/api/campaign/ArmyCreationMapNotification.md
5	content/v1.4.5/zh/api/campaign/ArmyDispersionLogEntry.md
5	content/v1.4.5/zh/api/campaign/ArmyDispersionMapNotification.md
5	content/v1.4.5/zh/api/campaign/ArmyDispersionReasonEnumResolver.md
5	content/v1.4.5/zh/api/campaign/ArmyNeedsSuppliesIssueBehavior.md
5	content/v1.4.5/zh/api/campaign/ArtisanCantSellProductsAtAFairPriceIssueBehavior.md
5	content/v1.4.5/zh/api/campaign/ArtisanNotableTypeTag.md
5	content/v1.4.5/zh/api/campaign/ArtisanOverpricedGoodsIssueBehavior.md
5	content/v1.4.5/zh/api/campaign/AtmosphereGrid.md
5	content/v1.4.5/zh/api/campaign/AttackingTag.md
5	content/v1.4.5/zh/api/campaign/Attributes.md
5	content/v1.4.5/zh/api/campaign/BackstoryCampaignBehavior.md
5	content/v1.4.5/zh/api/campaign/BanditDensityModel.md
5	content/v1.4.5/zh/api/campaign/BanditInteractionsCampaignBehavior.md
5	content/v1.4.5/zh/api/campaign/BanditSpawnCampaignBehavior.md
5	content/v1.4.5/zh/api/campaign/BannerCampaignBehavior.md
5	content/v1.4.5/zh/api/campaign/BannerEditorState.md
5	content/v1.4.5/zh/api/campaign/BannerItemModel.md
5	content/v1.4.5/zh/api/campaign/BarberState.md
5	content/v1.4.5/zh/api/campaign/Barterable.md
5	content/v1.4.5/zh/api/campaign/BarterData.md
5	content/v1.4.5/zh/api/campaign-ext/AgeModel.md
5	content/v1.4.5/zh/api/campaign-ext/AIBehaviorData.md
5	content/v1.4.5/zh/api/campaign-ext/ArmyTypes.md
5	content/v1.4.5/zh/api/core-extra/AgentAttackType.md
5	content/v1.4.5/zh/api/core-extra/AgentControllerType.md
5	content/v1.4.5/zh/api/core-extra/AgentMovementMode.md
5	content/v1.4.5/zh/api/core-extra/AgentSaveData.md
5	content/v1.4.5/zh/api/core-extra/AgentState.md
5	content/v1.4.5/zh/api/core-extra/AmbientInformation.md
5	content/v1.4.5/zh/api/core-extra/ApplicationPlatform.md
5	content/v1.4.5/zh/api/core-extra/ApplicationVersion.md
5	content/v1.4.5/zh/api/core-extra/ApplicationVersionJsonConverter.md
5	content/v1.4.5/zh/api/core-extra/ApplicationVersionType.md
5	content/v1.4.5/zh/api/core-extra/AreaInformation.md
5	content/v1.4.5/zh/api/core-extra/AssemblyLoader.md
5	content/v1.4.5/zh/api/core-extra/AsyncRunner.md
5	content/v1.4.5/zh/api/core-extra/AtmosphereInfo.md
5	content/v1.4.5/zh/api/core-extra/AtmosphereState.md
5	content/v1.4.5/zh/api/mission-ext/AgentDrivenProperties.md
5	content/v1.4.5/zh/api/campaign/BuildingConstructionModel.md
5	content/v1.4.5/zh/api/campaign/CampaignEntityComponent.md
5	content/v1.4.5/zh/api/campaign/CampaignFactionManagerBehaviour.md
5	content/v1.4.5/zh/api/campaign/CampaignGameMode.md
5	content/v1.4.5/zh/api/campaign/CampaignOptions.md
5	content/v1.4.5/zh/api/campaign/HeroRelations.md
5	content/v1.4.5/zh/api/campaign/QuestStates.md
5	content/v1.4.5/zh/api/campaign/SettlementGarrisonModel.md
