path	type	source_namespace	cs_line_evidence	keep_move_defer	reason
content/v1.3.0/zh/api/campaign/AutoGeneratedSaveManager.md	AutoGeneratedSaveManager	TaleWorlds.CampaignSystem	internal class, MULTIPLE: 1.3.0 SandBox/Sandbox/AutoGeneratedSaveManager.cs:12; StoryMode/AutoGeneratedSaveManager.cs:18; TaleWorlds.CampaignSystem/AutoGeneratedSaveManager.cs:38 | 1.4.5 .../TaleWorlds.Core/TaleWorlds.Core/AutoGeneratedSaveManager.cs:8 (+11 files total)	keep	sole copy of body 1c047161; page namespace "TaleWorlds.CampaignSystem" matches a real distinct type; NOT a duplicate
content/v1.3.0/zh/api/core-extra/AutoGeneratedSaveManager.md	AutoGeneratedSaveManager	TaleWorlds.Core	internal class, MULTIPLE: 1.3.0 SandBox/Sandbox/AutoGeneratedSaveManager.cs:12; StoryMode/AutoGeneratedSaveManager.cs:18; TaleWorlds.CampaignSystem/AutoGeneratedSaveManager.cs:38 | 1.4.5 .../TaleWorlds.Core/TaleWorlds.Core/AutoGeneratedSaveManager.cs:8 (+11 files total)	keep	sole copy of body a4bd56c5; page namespace "TaleWorlds.Core" matches a real distinct type; NOT a duplicate
content/v1.3.0/zh/api/localization/AutoGeneratedSaveManager.md	AutoGeneratedSaveManager	TaleWorlds.Localization	internal class, MULTIPLE: 1.3.0 SandBox/Sandbox/AutoGeneratedSaveManager.cs:12; StoryMode/AutoGeneratedSaveManager.cs:18; TaleWorlds.CampaignSystem/AutoGeneratedSaveManager.cs:38 | 1.4.5 .../TaleWorlds.Core/TaleWorlds.Core/AutoGeneratedSaveManager.cs:8 (+11 files total)	keep	sole copy of body 2dde6e06; page namespace "TaleWorlds.Localization" matches a real distinct type; NOT a duplicate
content/v1.3.0/zh/api/mission/AutoGeneratedSaveManager.md	AutoGeneratedSaveManager	TaleWorlds.MountAndBlade	internal class, MULTIPLE: 1.3.0 SandBox/Sandbox/AutoGeneratedSaveManager.cs:12; StoryMode/AutoGeneratedSaveManager.cs:18; TaleWorlds.CampaignSystem/AutoGeneratedSaveManager.cs:38 | 1.4.5 .../TaleWorlds.Core/TaleWorlds.Core/AutoGeneratedSaveManager.cs:8 (+11 files total)	keep	sole copy of body 8f143a76; page namespace "TaleWorlds.MountAndBlade" matches a real distinct type; NOT a duplicate
content/v1.3.15/zh/api/save-system/AutoGeneratedSaveManager.md	AutoGeneratedSaveManager	TaleWorlds.SaveSystem	internal class, MULTIPLE: 1.3.0 SandBox/Sandbox/AutoGeneratedSaveManager.cs:12; StoryMode/AutoGeneratedSaveManager.cs:18; TaleWorlds.CampaignSystem/AutoGeneratedSaveManager.cs:38 | 1.4.5 .../TaleWorlds.Core/TaleWorlds.Core/AutoGeneratedSaveManager.cs:8 (+11 files total)	keep	member of cross-TREE body group fab4bcf6 (x2); the other copies are in OTHER version trees, not other buckets; each tree needs its own page -> NOT withdrawable
content/v1.4.5/zh/api/campaign/AutoGeneratedSaveManager.md	AutoGeneratedSaveManager	TaleWorlds.CampaignSystem	internal class, MULTIPLE: 1.3.0 SandBox/Sandbox/AutoGeneratedSaveManager.cs:12; StoryMode/AutoGeneratedSaveManager.cs:18; TaleWorlds.CampaignSystem/AutoGeneratedSaveManager.cs:38 | 1.4.5 .../TaleWorlds.Core/TaleWorlds.Core/AutoGeneratedSaveManager.cs:8 (+11 files total)	keep	sole copy of body 7eb63bf2; page namespace "TaleWorlds.CampaignSystem" matches a real distinct type; NOT a duplicate
content/v1.4.5/zh/api/core-extra/AutoGeneratedSaveManager.md	AutoGeneratedSaveManager	TaleWorlds.Core	internal class, MULTIPLE: 1.3.0 SandBox/Sandbox/AutoGeneratedSaveManager.cs:12; StoryMode/AutoGeneratedSaveManager.cs:18; TaleWorlds.CampaignSystem/AutoGeneratedSaveManager.cs:38 | 1.4.5 .../TaleWorlds.Core/TaleWorlds.Core/AutoGeneratedSaveManager.cs:8 (+11 files total)	keep	sole copy of body 326bf9b2; page namespace "TaleWorlds.Core" matches a real distinct type; NOT a duplicate
content/v1.4.5/zh/api/localization/AutoGeneratedSaveManager.md	AutoGeneratedSaveManager	TaleWorlds.Localization	internal class, MULTIPLE: 1.3.0 SandBox/Sandbox/AutoGeneratedSaveManager.cs:12; StoryMode/AutoGeneratedSaveManager.cs:18; TaleWorlds.CampaignSystem/AutoGeneratedSaveManager.cs:38 | 1.4.5 .../TaleWorlds.Core/TaleWorlds.Core/AutoGeneratedSaveManager.cs:8 (+11 files total)	keep	sole copy of body 6e55e92b; page namespace "TaleWorlds.Localization" matches a real distinct type; NOT a duplicate
content/v1.4.5/zh/api/mission/AutoGeneratedSaveManager.md	AutoGeneratedSaveManager	TaleWorlds.MountAndBlade	internal class, MULTIPLE: 1.3.0 SandBox/Sandbox/AutoGeneratedSaveManager.cs:12; StoryMode/AutoGeneratedSaveManager.cs:18; TaleWorlds.CampaignSystem/AutoGeneratedSaveManager.cs:38 | 1.4.5 .../TaleWorlds.Core/TaleWorlds.Core/AutoGeneratedSaveManager.cs:8 (+11 files total)	keep	sole copy of body 5916a857; page namespace "TaleWorlds.MountAndBlade" matches a real distinct type; NOT a duplicate
content/v1.4.5/zh/api/save-system/AutoGeneratedSaveManager.md	AutoGeneratedSaveManager	TaleWorlds.SaveSystem	internal class, MULTIPLE: 1.3.0 SandBox/Sandbox/AutoGeneratedSaveManager.cs:12; StoryMode/AutoGeneratedSaveManager.cs:18; TaleWorlds.CampaignSystem/AutoGeneratedSaveManager.cs:38 | 1.4.5 .../TaleWorlds.Core/TaleWorlds.Core/AutoGeneratedSaveManager.cs:8 (+11 files total)	keep	member of cross-TREE body group fab4bcf6 (x2); the other copies are in OTHER version trees, not other buckets; each tree needs its own page -> NOT withdrawable
content/v1.4.5/zh/api/system/AutoGeneratedSaveManager.md	AutoGeneratedSaveManager	TaleWorlds.ObjectSystem	internal class, MULTIPLE: 1.3.0 SandBox/Sandbox/AutoGeneratedSaveManager.cs:12; StoryMode/AutoGeneratedSaveManager.cs:18; TaleWorlds.CampaignSystem/AutoGeneratedSaveManager.cs:38 | 1.4.5 .../TaleWorlds.Core/TaleWorlds.Core/AutoGeneratedSaveManager.cs:8 (+11 files total)	keep	sole copy of body e0b0466e; page namespace "TaleWorlds.ObjectSystem" matches a real distinct type; NOT a duplicate
content/v1.3.0/zh/api/campaign/MetaDataExtensions.md	MetaDataExtensions	TaleWorlds.CampaignSystem.Extensions	4 namespaces: TaleWorlds.Core/MetaDataExtensions.cs:8 | TaleWorlds.CampaignSystem/Extensions/MetaDataExtensions.cs:7 | TaleWorlds.SaveSystem/MetaDataExtensions.cs:7 | StoryMode/Extensions/MetaDataExtensions.cs:7	keep	member of cross-TREE body group 03bd7740 (x3); the other copies are in OTHER version trees, not other buckets; each tree needs its own page -> NOT withdrawable
content/v1.3.0/zh/api/core-extra/MetaDataExtensions.md	MetaDataExtensions	TaleWorlds.Core	4 namespaces: TaleWorlds.Core/MetaDataExtensions.cs:8 | TaleWorlds.CampaignSystem/Extensions/MetaDataExtensions.cs:7 | TaleWorlds.SaveSystem/MetaDataExtensions.cs:7 | StoryMode/Extensions/MetaDataExtensions.cs:7	keep	sole copy of body 641a2167; page namespace "TaleWorlds.Core" matches a real distinct type; NOT a duplicate
content/v1.3.15/zh/api/campaign-ext/MetaDataExtensions.md	MetaDataExtensions	TaleWorlds.CampaignSystem.Extensions	4 namespaces: TaleWorlds.Core/MetaDataExtensions.cs:8 | TaleWorlds.CampaignSystem/Extensions/MetaDataExtensions.cs:7 | TaleWorlds.SaveSystem/MetaDataExtensions.cs:7 | StoryMode/Extensions/MetaDataExtensions.cs:7	keep	member of cross-TREE body group 03bd7740 (x3); the other copies are in OTHER version trees, not other buckets; each tree needs its own page -> NOT withdrawable
content/v1.3.15/zh/api/save-system/MetaDataExtensions.md	MetaDataExtensions	TaleWorlds.SaveSystem	4 namespaces: TaleWorlds.Core/MetaDataExtensions.cs:8 | TaleWorlds.CampaignSystem/Extensions/MetaDataExtensions.cs:7 | TaleWorlds.SaveSystem/MetaDataExtensions.cs:7 | StoryMode/Extensions/MetaDataExtensions.cs:7	keep	sole copy of body 1df22a2c; page namespace "TaleWorlds.SaveSystem" matches a real distinct type; NOT a duplicate
content/v1.4.5/zh/api/campaign/MetaDataExtensions.md	MetaDataExtensions	TaleWorlds.CampaignSystem.Extensions	4 namespaces: TaleWorlds.Core/MetaDataExtensions.cs:8 | TaleWorlds.CampaignSystem/Extensions/MetaDataExtensions.cs:7 | TaleWorlds.SaveSystem/MetaDataExtensions.cs:7 | StoryMode/Extensions/MetaDataExtensions.cs:7	keep	sole copy of body ea81eb18; page namespace "TaleWorlds.CampaignSystem.Extensions" matches a real distinct type; NOT a duplicate
content/v1.4.5/zh/api/campaign-ext/MetaDataExtensions.md	MetaDataExtensions	TaleWorlds.CampaignSystem.Extensions	4 namespaces: TaleWorlds.Core/MetaDataExtensions.cs:8 | TaleWorlds.CampaignSystem/Extensions/MetaDataExtensions.cs:7 | TaleWorlds.SaveSystem/MetaDataExtensions.cs:7 | StoryMode/Extensions/MetaDataExtensions.cs:7	keep	member of cross-TREE body group 03bd7740 (x3); the other copies are in OTHER version trees, not other buckets; each tree needs its own page -> NOT withdrawable
content/v1.4.5/zh/api/core-extra/MetaDataExtensions.md	MetaDataExtensions	TaleWorlds.Core	4 namespaces: TaleWorlds.Core/MetaDataExtensions.cs:8 | TaleWorlds.CampaignSystem/Extensions/MetaDataExtensions.cs:7 | TaleWorlds.SaveSystem/MetaDataExtensions.cs:7 | StoryMode/Extensions/MetaDataExtensions.cs:7	keep	sole copy of body 57776469; page namespace "TaleWorlds.Core" matches a real distinct type; NOT a duplicate
content/v1.4.5/zh/api/save-system/MetaDataExtensions.md	MetaDataExtensions	TaleWorlds.SaveSystem	4 namespaces: TaleWorlds.Core/MetaDataExtensions.cs:8 | TaleWorlds.CampaignSystem/Extensions/MetaDataExtensions.cs:7 | TaleWorlds.SaveSystem/MetaDataExtensions.cs:7 | StoryMode/Extensions/MetaDataExtensions.cs:7	keep	sole copy of body b59b38f7; page namespace "TaleWorlds.SaveSystem" matches a real distinct type; NOT a duplicate
content/v1.5.3/zh/api/storymode/MetaDataExtensions.md	MetaDataExtensions	StoryMode.Extensions	4 namespaces: TaleWorlds.Core/MetaDataExtensions.cs:8 | TaleWorlds.CampaignSystem/Extensions/MetaDataExtensions.cs:7 | TaleWorlds.SaveSystem/MetaDataExtensions.cs:7 | StoryMode/Extensions/MetaDataExtensions.cs:7	keep	sole copy of body 4fabcc49; page namespace "StoryMode.Extensions" matches a real distinct type; NOT a duplicate
content/v1.3.0/zh/api/campaign/Crafting.md	Crafting	TaleWorlds.CampaignSystem.CharacterDevelopment	2 types: TaleWorlds.Core/Crafting.cs:11 | TaleWorlds.CampaignSystem/CharacterDevelopment/DefaultPerks.cs:3598	keep	member of cross-TREE body group 3507506e (x3); the other copies are in OTHER version trees, not other buckets; each tree needs its own page -> NOT withdrawable
content/v1.3.0/zh/api/core-extra/Crafting.md	Crafting	TaleWorlds.Core	2 types: TaleWorlds.Core/Crafting.cs:11 | TaleWorlds.CampaignSystem/CharacterDevelopment/DefaultPerks.cs:3598	keep	sole copy of body ac197a47; page namespace "TaleWorlds.Core" matches a real distinct type; NOT a duplicate
content/v1.3.15/zh/api/campaign-ext/Crafting.md	Crafting	TaleWorlds.CampaignSystem.CharacterDevelopment	2 types: TaleWorlds.Core/Crafting.cs:11 | TaleWorlds.CampaignSystem/CharacterDevelopment/DefaultPerks.cs:3598	keep	member of cross-TREE body group 3507506e (x3); the other copies are in OTHER version trees, not other buckets; each tree needs its own page -> NOT withdrawable
content/v1.3.15/zh/api/core-extra/Crafting.md	Crafting	TaleWorlds.Core	2 types: TaleWorlds.Core/Crafting.cs:11 | TaleWorlds.CampaignSystem/CharacterDevelopment/DefaultPerks.cs:3598	keep	member of cross-TREE body group ef984db3 (x2); the other copies are in OTHER version trees, not other buckets; each tree needs its own page -> NOT withdrawable
content/v1.4.5/zh/api/campaign/Crafting.md	Crafting	TaleWorlds.CampaignSystem.CharacterDevelopment	2 types: TaleWorlds.Core/Crafting.cs:11 | TaleWorlds.CampaignSystem/CharacterDevelopment/DefaultPerks.cs:3598	keep	sole copy of body 79f9ebc7; page namespace "TaleWorlds.CampaignSystem.CharacterDevelopment" matches a real distinct type; NOT a duplicate
content/v1.4.5/zh/api/campaign-ext/Crafting.md	Crafting	TaleWorlds.CampaignSystem.CharacterDevelopment	2 types: TaleWorlds.Core/Crafting.cs:11 | TaleWorlds.CampaignSystem/CharacterDevelopment/DefaultPerks.cs:3598	keep	member of cross-TREE body group 3507506e (x3); the other copies are in OTHER version trees, not other buckets; each tree needs its own page -> NOT withdrawable
content/v1.4.5/zh/api/core-extra/Crafting.md	Crafting	TaleWorlds.Core	2 types: TaleWorlds.Core/Crafting.cs:11 | TaleWorlds.CampaignSystem/CharacterDevelopment/DefaultPerks.cs:3598	keep	member of cross-TREE body group ef984db3 (x2); the other copies are in OTHER version trees, not other buckets; each tree needs its own page -> NOT withdrawable
content/v1.4.6/zh/api/core-extra/Crafting.md	Crafting	TaleWorlds.Core	2 types: TaleWorlds.Core/Crafting.cs:11 | TaleWorlds.CampaignSystem/CharacterDevelopment/DefaultPerks.cs:3598	keep	sole copy of body 8377790f; page namespace "TaleWorlds.Core" matches a real distinct type; NOT a duplicate
content/v1.3.0/zh/api/campaign/IssueQuestFlags.md	IssueQuestFlags	TaleWorlds.CampaignSystem.GameMenus	2 enums: TaleWorlds.CampaignSystem/GameMenus/GameMenuOption.cs:243 | TaleWorlds.CampaignSystem.ViewModelCollection/CampaignUIHelper.cs:3781	keep	member of cross-TREE body group f09fe7af (x3); the other copies are in OTHER version trees, not other buckets; each tree needs its own page -> NOT withdrawable
content/v1.3.0/zh/api/viewmodel/IssueQuestFlags.md	IssueQuestFlags	TaleWorlds.CampaignSystem.ViewModelCollection	2 enums: TaleWorlds.CampaignSystem/GameMenus/GameMenuOption.cs:243 | TaleWorlds.CampaignSystem.ViewModelCollection/CampaignUIHelper.cs:3781	keep	member of cross-TREE body group 850077e4 (x3); the other copies are in OTHER version trees, not other buckets; each tree needs its own page -> NOT withdrawable
content/v1.3.15/zh/api/campaign-ext/IssueQuestFlags.md	IssueQuestFlags	TaleWorlds.CampaignSystem.GameMenus	2 enums: TaleWorlds.CampaignSystem/GameMenus/GameMenuOption.cs:243 | TaleWorlds.CampaignSystem.ViewModelCollection/CampaignUIHelper.cs:3781	keep	member of cross-TREE body group f09fe7af (x3); the other copies are in OTHER version trees, not other buckets; each tree needs its own page -> NOT withdrawable
content/v1.3.15/zh/api/viewmodel/IssueQuestFlags.md	IssueQuestFlags	TaleWorlds.CampaignSystem.ViewModelCollection	2 enums: TaleWorlds.CampaignSystem/GameMenus/GameMenuOption.cs:243 | TaleWorlds.CampaignSystem.ViewModelCollection/CampaignUIHelper.cs:3781	keep	member of cross-TREE body group 850077e4 (x3); the other copies are in OTHER version trees, not other buckets; each tree needs its own page -> NOT withdrawable
content/v1.4.5/zh/api/campaign/IssueQuestFlags.md	IssueQuestFlags	TaleWorlds.CampaignSystem.GameMenus	2 enums: TaleWorlds.CampaignSystem/GameMenus/GameMenuOption.cs:243 | TaleWorlds.CampaignSystem.ViewModelCollection/CampaignUIHelper.cs:3781	keep	sole copy of body 00d6a847; page namespace "TaleWorlds.CampaignSystem.GameMenus" matches a real distinct type; NOT a duplicate
content/v1.4.5/zh/api/campaign-ext/IssueQuestFlags.md	IssueQuestFlags	TaleWorlds.CampaignSystem.GameMenus	2 enums: TaleWorlds.CampaignSystem/GameMenus/GameMenuOption.cs:243 | TaleWorlds.CampaignSystem.ViewModelCollection/CampaignUIHelper.cs:3781	keep	member of cross-TREE body group f09fe7af (x3); the other copies are in OTHER version trees, not other buckets; each tree needs its own page -> NOT withdrawable
content/v1.4.5/zh/api/viewmodel/IssueQuestFlags.md	IssueQuestFlags	TaleWorlds.CampaignSystem.ViewModelCollection	2 enums: TaleWorlds.CampaignSystem/GameMenus/GameMenuOption.cs:243 | TaleWorlds.CampaignSystem.ViewModelCollection/CampaignUIHelper.cs:3781	keep	member of cross-TREE body group 850077e4 (x3); the other copies are in OTHER version trees, not other buckets; each tree needs its own page -> NOT withdrawable
#SUMMARY,#35 pages / 25 distinct bodies / 6 genuine dup groups,,,#NO MOVES PROPOSED,cross-bucket duplicates within a single tree = 0. All duplication is CROSS-TREE. Boss criterion (bucket vs namespace) therefore has 0 applicable cases on the worst offenders.
